-- phpMyAdmin SQL Dump
-- version 4.6.6deb5
-- https://www.phpmyadmin.net/
--
-- Client :  localhost:3306
-- Généré le :  Lun 04 Février 2019 à 17:18
-- Version du serveur :  5.7.25-0ubuntu0.18.04.2
-- Version de PHP :  7.2.10-0ubuntu0.18.04.1

SET SQL_MODE = "NO_AUTO_VALUE_ON_ZERO";
SET time_zone = "+00:00";


/*!40101 SET @OLD_CHARACTER_SET_CLIENT=@@CHARACTER_SET_CLIENT */;
/*!40101 SET @OLD_CHARACTER_SET_RESULTS=@@CHARACTER_SET_RESULTS */;
/*!40101 SET @OLD_COLLATION_CONNECTION=@@COLLATION_CONNECTION */;
/*!40101 SET NAMES utf8mb4 */;

--
-- Base de données :  `bankonetdatabase`
--
CREATE DATABASE IF NOT EXISTS `bankonetdatabase` DEFAULT CHARACTER SET utf8 COLLATE utf8_general_ci;
USE `bankonetdatabase`;

-- --------------------------------------------------------

--
-- Structure de la table `operation`
--

DROP TABLE IF EXISTS `operation`;
CREATE TABLE IF NOT EXISTS `operation` (
  `id` int(11) NOT NULL AUTO_INCREMENT,
  `account_id` int(11) NOT NULL,
  `label` varchar(100) NOT NULL,
  `type` enum('debit','credit','virement') NOT NULL,
  `amount` decimal(10,2) NOT NULL,
  `datecreate` timestamp NOT NULL DEFAULT CURRENT_TIMESTAMP,
  PRIMARY KEY (`id`),
  KEY `fk_account_id` (`account_id`)
) ENGINE=InnoDB DEFAULT CHARSET=utf8;

-- --------------------------------------------------------

--
-- Structure de la table `account`
--

DROP TABLE IF EXISTS `account`;
CREATE TABLE IF NOT EXISTS `account` (
  `id` int(11) NOT NULL AUTO_INCREMENT,
  `client_id` int(11) NOT NULL,
  `label` varchar(25) NOT NULL,
  `overdraft` decimal(10,2) NOT NULL,
  `interestrate` decimal(10,2) NOT NULL,
  `minimumbalance` decimal(10,2) NOT NULL,
  `type` enum('current','saving') NOT NULL,
  `datecreate` timestamp NOT NULL DEFAULT CURRENT_TIMESTAMP,
  PRIMARY KEY (`id`),
  KEY `fk_client_id` (`client_id`)
) ENGINE=InnoDB DEFAULT CHARSET=utf8;

-- --------------------------------------------------------

--
-- Structure de la table `client`
--

DROP TABLE IF EXISTS `client`;
CREATE TABLE IF NOT EXISTS `client` (
  `id` int(11) NOT NULL AUTO_INCREMENT,
  `firstname` varchar(50) NOT NULL,
  `lastname` varchar(50) NOT NULL,
  `email` varchar(150) NOT NULL,
  `phone` varchar(15) NOT NULL,
  `address` varchar(255) NOT NULL,
  `city` varchar(50) NOT NULL,
  `postalcode` varchar(5) NOT NULL,
  `country` varchar(50) NOT NULL,
  `password` varchar(50) NOT NULL,
  `datecreate` timestamp NOT NULL DEFAULT CURRENT_TIMESTAMP,
  PRIMARY KEY (`id`),
  UNIQUE KEY `email` (`email`)
) ENGINE=InnoDB DEFAULT CHARSET=utf8;

-- --------------------------------------------------------

--
-- Contraintes pour les tables exportées
--

--
-- Contraintes pour la table `account`
--
ALTER TABLE `account`
  ADD CONSTRAINT `fk_client_id` FOREIGN KEY (`client_id`) REFERENCES `client` (`id`) ON DELETE CASCADE ON UPDATE CASCADE;

--
-- Contraintes pour la table `operation`
--
ALTER TABLE `operation`
  ADD CONSTRAINT `fk_account_id` FOREIGN KEY (`account_id`) REFERENCES `account` (`id`) ON DELETE CASCADE ON UPDATE CASCADE;

/*!40101 SET CHARACTER_SET_CLIENT=@OLD_CHARACTER_SET_CLIENT */;
/*!40101 SET CHARACTER_SET_RESULTS=@OLD_CHARACTER_SET_RESULTS */;
/*!40101 SET COLLATION_CONNECTION=@OLD_COLLATION_CONNECTION */;


INSERT INTO `client` 
(`id`,`firstname`,`lastname`,`email`,`phone`,`address`,`city`,`postalcode`,`country`,`password`,`datecreate`) 
VALUES 
(1,"Cynthia","Gibbs","001@mail.fr","07 27 52 22 66","337-3199 Erat Av.","Grand Falls","86036","Peru","pass","2016-06-04 18:10:55"),
(2,"Kieran","Cameron","002@mail.fr","07 63 76 32 36","3051 Arcu. Ave","Bostaniçi","57591","Finland","pass","2016-03-12 20:11:25"),
(3,"Aurelia","Herman","003@mail.fr","01 64 17 77 97","Appartement 580-4272 Eget Route","Oswestry","36624","United States","pass","2018-04-21 07:24:03"),
(4,"Lawrence","Oneil","004@mail.fr","06 04 35 34 87","CP 173, 4289 Pellentesque. Ave","Hamoir","14196","Timor-Leste","pass","2018-06-19 05:29:57"),
(5,"Quemby","Conner","005@mail.fr","09 89 62 33 96","CP 318, 1346 Cras Avenue","Kuşadası","29449","Afghanistan","pass","2018-10-07 01:21:47"),
(6,"Merrill","Pierce","006@mail.fr","09 17 27 64 49","2297 Et Rue","Dampremy","59065","Marshall Islands","pass","2018-04-19 09:42:14"),
(7,"Sharon","Shaw","007@mail.fr","02 45 91 06 29","Appartement 744-5412 Etiam Rue","Armstrong","18848","Iraq","pass","2016-01-30 19:28:17"),
(8,"Lara","Pruitt","008@mail.fr","05 35 69 62 27","6807 Odio Route","Townsville","33569","Gambia","pass","2016-03-16 00:48:30"),
(9,"Timothy","Pace","009@mail.fr","05 92 10 69 34","4668 Eget Ave","Castelbaldo","52975","Turks and Caicos Islands","pass","2016-10-24 17:09:17"),
(10,"Kristen","Waller","010@mail.fr","08 10 55 07 58","3835 Molestie Impasse","Haasdonk","01155","Puerto Rico","pass","2018-06-29 12:41:55"),
(11,"Amity","Meyers","011@mail.fr","08 38 55 96 00","5845 Posuere, Av.","Los Lagos","53925","Iceland","pass","2018-06-24 09:54:48"),
(12,"Akeem","Hyde","012@mail.fr","02 08 72 83 09","Appartement 191-4444 Donec Chemin","Montjovet","03523","Hungary","pass","2018-05-25 10:03:24"),
(13,"Moana","Ashley","013@mail.fr","09 55 21 75 73","8266 Pellentesque Avenue","New Galloway","15448","Chile","pass","2016-09-27 09:57:56"),
(14,"Stacy","Cochran","014@mail.fr","07 35 34 45 38","523-3546 Cursus Rue","Saint John","25823","Cambodia","pass","2018-03-15 03:35:15"),
(15,"Griffin","Holder","015@mail.fr","09 25 79 15 06","CP 535, 364 Lorem, Av.","Whitby","25137","Greenland","pass","2016-02-16 07:56:02"),
(16,"Cain","Richard","016@mail.fr","07 43 03 81 54","Appartement 972-1753 Nunc Route","Palagano","30409","Equatorial Guinea","pass","2020-01-03 04:48:23"),
(17,"Brenda","Atkinson","017@mail.fr","07 44 38 24 79","713-9033 Nunc Ave","Kidderminster","36179","Colombia","pass","2016-09-24 10:58:02"),
(18,"Astra","Stephenson","018@mail.fr","03 14 20 94 21","571-8604 Quis Impasse","Hualpén","40231","Solomon Islands","pass","2016-08-20 11:56:29"),
(19,"Heather","Holt","019@mail.fr","08 54 44 73 54","3739 Dui. Rue","Rocourt","67948","Uganda","KUM29KGY5IM","2018-07-07 05:08:14"),
(20,"Melanie","Espinoza","020@mail.fr","06 80 51 93 80","CP 646, 1639 Neque Impasse","Cerro Navia","74214","Saint Vincent and The Grenadines","pass","2018-05-22 22:48:03");


INSERT INTO `account` 
(`id`,`client_id`,`label`,`overdraft`,`interestrate`,`minimumbalance`,`type`,`datecreate`) 
VALUES 
(1,1,"1693011859399",429,0,0,"current","2016-11-23 16:28:18"),
(2,2,"1620042228699",485,0,0,"current","2018-11-30 20:01:21"),
(3,3,"1688051025799",359,0,0,"current","2018-07-20 00:07:53"),
(4,4,"1667072924799",478,0,0,"current","2018-09-22 19:19:10"),
(5,5,"1623052774699",388,0,0,"current","2018-07-30 19:34:45"),
(6,6,"1679010934999",277,0,0,"current","2018-08-08 19:02:10"),
(7,7,"1667050725399",465,0,0,"current","2018-08-18 12:42:08"),
(8,8,"1654120965599",455,0,0,"current","2018-08-03 23:51:15"),
(9,9,"1698022121599",217,0,0,"current","2016-02-05 00:58:48"),
(10,10,"1630052554899",255,0,0,"current","2016-04-25 07:00:31"),
(11,11,"1693120663299",422,0,0,"current","2016-03-02 22:56:41"),
(12,12,"1667052709799",341,0,0,"current","2016-02-08 14:43:24"),
(13,13,"1623120854999",374,0,0,"current","2016-12-28 13:58:41"),
(14,14,"1643100527799",432,0,0,"current","2018-04-12 15:30:17"),
(15,15,"1634030232499",474,0,0,"current","2016-04-18 09:49:05"),
(16,16,"1632072097099",393,0,0,"current","2016-07-04 09:03:58"),
(17,17,"1633121269199",450,0,0,"current","2018-11-14 11:18:47"),
(18,18,"1607020116899",267,0,0,"current","2016-06-28 14:54:43"),
(19,19,"1690081258799",379,0,0,"current","2016-12-08 02:26:00"),
(20,20,"1646082061299",287,0,0,"current","2016-01-27 01:34:23"),
(21,3,"1628021894899",0,2,15,"saving","2016-04-07 11:55:54"),
(22,18,"1638111890899",0,1,15,"saving","2018-10-13 14:10:44"),
(23,17,"1664041409999",0,2,15,"saving","2016-11-28 16:50:24"),
(24,19,"1654061811399",0,1,15,"saving","2018-02-21 19:57:07"),
(25,2,"1602062253899",0,2,15,"saving","2016-07-07 04:48:32"),
(26,20,"1682091755599",0,2,15,"saving","2018-10-17 15:15:51"),
(27,20,"1664101437199",0,2,15,"saving","2020-01-18 09:40:26"),
(28,20,"1651121374499",0,2,15,"saving","2016-10-13 22:03:23"),
(29,7,"1670101585999",0,2,15,"saving","2016-05-11 02:52:43"),
(30,7,"1668101376899",0,2,15,"saving","2018-04-17 02:54:42"),
(31,6,"1655050618599",0,1,15,"saving","2016-09-20 08:21:32"),
(32,5,"1660051383799",0,2,15,"saving","2016-01-06 07:42:16"),
(33,8,"1608061951499",0,1,15,"saving","2018-02-17 08:54:43"),
(34,15,"1628012587899",0,1,15,"saving","2016-04-13 16:54:02"),
(35,19,"1683010301099",0,2,15,"saving","2018-05-21 09:44:32"),
(36,17,"1685040855099",0,2,15,"saving","2018-04-24 01:36:31"),
(37,11,"1643120756899",0,2,15,"saving","2016-12-01 01:42:27"),
(38,10,"1614102773199",0,1,15,"saving","2016-04-28 14:33:25"),
(39,3,"1664012310099",0,1,15,"saving","2016-01-16 17:25:18"),
(40,8,"1663120780899",0,1,15,"saving","2018-11-21 01:24:39"),
(41,19,"1600022131999",0,1,15,"saving","2016-05-04 14:01:46"),
(42,14,"1602122222999",0,1,15,"saving","2016-01-30 03:34:46"),
(43,1,"1602041642199",0,2,15,"saving","2018-06-30 01:48:52"),
(44,16,"1645100829999",0,1,15,"saving","2016-05-16 05:39:47"),
(45,3,"1619081684199",0,2,15,"saving","2016-08-19 04:38:45"),
(46,7,"1659122843099",0,2,15,"saving","2018-12-15 17:08:52"),
(47,12,"1682101253099",0,1,15,"saving","2016-02-06 22:18:13"),
(48,10,"1649102785499",0,1,15,"saving","2018-09-30 07:58:38"),
(49,8,"1621062743099",0,2,15,"saving","2016-07-19 12:24:33"),
(50,11,"1667070802199",0,2,15,"saving","2016-09-12 14:44:53");

INSERT INTO `operation` 
(`id`,`account_id`,`label`,`type`,`amount`,`datecreate`) 
VALUES 
(1,19,"aliquet, sem ut","debit","47.83","2016-02-01 08:11:16"),
(2,27,"Suspendisse aliquet molestie","credit","78.29","2016-08-31 03:47:31"),
(3,13,"tellus lorem eu","debit","146.44","2016-01-13 18:46:41"),
(4,35,"egestas rhoncus. Proin","credit","39.50","2016-03-20 20:21:28"),
(5,12,"vehicula et, rutrum","debit","34.07","2018-02-09 21:02:31"),
(6,47,"lorem, auctor quis,","credit","10.66","2018-09-17 06:47:20"),
(7,11,"eu, ligula. Aenean","credit","110.61","2016-01-23 11:21:54"),
(8,50,"magna nec quam.","debit","123.64","2016-11-01 00:16:57"),
(9,17,"blandit mattis. Cras","credit","83.74","2016-01-14 05:34:02"),
(10,36,"Sed et libero.","credit","97.33","2016-03-21 15:52:18"),
(11,1,"ut, pellentesque eget,","credit","28.49","2016-12-06 00:32:27"),
(12,24,"ligula elit, pretium","credit","160.01","2018-07-24 09:00:01"),
(13,32,"varius et, euismod","credit","183.55","2016-06-25 18:19:48"),
(14,11,"sit amet metus.","debit","197.46","2016-04-17 20:16:52"),
(15,24,"Nam tempor diam","debit","149.19","2018-04-16 20:27:24"),
(16,10,"enim. Etiam gravida","debit","22.58","2016-10-15 04:18:24"),
(17,7,"sapien, gravida non,","debit","59.70","2018-07-14 02:10:19"),
(18,47,"aliquet libero. Integer","credit","57.84","2018-03-02 21:17:08"),
(19,9,"iaculis, lacus pede","debit","54.53","2016-12-04 22:08:58"),
(20,33,"augue id ante","credit","28.94","2016-06-07 16:04:43"),
(21,41,"egestas a, scelerisque","credit","138.67","2020-01-13 05:42:08"),
(22,43,"non quam. Pellentesque","credit","155.17","2016-08-02 12:34:22"),
(23,9,"dictum placerat, augue.","debit","119.62","2016-11-28 19:29:16"),
(24,42,"ornare, libero at","debit","198.30","2016-07-26 05:12:01"),
(25,6,"libero. Integer in","credit","82.55","2016-10-31 21:06:40"),
(26,32,"mi lacinia mattis.","credit","109.08","2016-03-25 00:36:11"),
(27,28,"Curae; Phasellus ornare.","credit","187.24","2020-02-03 04:20:00"),
(28,29,"faucibus id, libero.","debit","22.00","2016-09-03 17:30:01"),
(29,12,"facilisis non, bibendum","credit","179.83","2016-01-28 17:32:44"),
(30,18,"Nunc mauris elit,","credit","151.84","2018-07-22 07:36:51"),
(31,50,"magna a neque.","debit","131.79","2016-05-02 10:23:58"),
(32,25,"pretium neque. Morbi","credit","93.63","2018-08-11 21:01:50"),
(33,9,"convallis in, cursus","credit","188.73","2018-05-18 14:10:15"),
(34,3,"nunc. Quisque ornare","debit","80.50","2020-01-31 20:38:49"),
(35,38,"semper et, lacinia","credit","57.51","2016-01-14 00:36:05"),
(36,31,"ultricies ornare, elit","credit","135.61","2018-03-28 03:57:52"),
(37,9,"risus. In mi","debit","196.51","2020-02-02 16:14:50"),
(38,35,"et ultrices posuere","debit","198.05","2018-02-24 10:00:20"),
(39,19,"lorem, vehicula et,","credit","124.76","2020-01-03 04:13:57"),
(40,16,"sociosqu ad litora","debit","93.50","2018-02-18 19:36:16"),
(41,35,"accumsan convallis, ante","debit","129.41","2018-08-09 02:31:56"),
(42,5,"eu, ligula. Aenean","credit","130.48","2018-06-11 03:57:30"),
(43,46,"pede. Cum sociis","debit","17.25","2016-11-14 07:53:11"),
(44,2,"turpis. Nulla aliquet.","credit","193.48","2018-10-29 00:44:25"),
(45,48,"Vestibulum ante ipsum","credit","121.77","2020-01-09 12:44:24"),
(46,29,"enim, gravida sit","credit","60.99","2016-03-13 02:07:32"),
(47,9,"sagittis felis. Donec","debit","73.94","2018-12-12 02:26:18"),
(48,21,"ut, pellentesque eget,","debit","160.65","2016-07-21 16:17:00"),
(49,13,"elementum sem, vitae","debit","178.43","2016-07-05 04:27:09"),
(50,16,"nibh enim, gravida","debit","179.77","2016-08-14 07:24:06"),
(51,5,"non, egestas a,","debit","159.37","2018-10-08 16:02:32"),
(52,19,"a, enim. Suspendisse","debit","49.49","2016-04-24 10:47:53"),
(53,46,"risus. Quisque libero","credit","113.67","2018-11-29 21:49:52"),
(54,38,"fringilla est. Mauris","credit","108.35","2018-12-16 16:10:42"),
(55,11,"eget nisi dictum","credit","154.38","2016-06-29 10:24:06"),
(56,35,"est ac mattis","credit","118.65","2018-04-08 15:54:17"),
(57,32,"Curabitur sed tortor.","debit","27.46","2016-09-16 16:02:36"),
(58,12,"lectus convallis est,","debit","154.70","2018-05-05 13:09:42"),
(59,2,"libero nec ligula","credit","43.98","2016-12-15 12:52:11"),
(60,8,"enim. Mauris quis","debit","47.19","2016-03-20 04:46:58"),
(61,27,"netus et malesuada","debit","39.39","2018-04-30 19:42:19"),
(62,49,"eu erat semper","debit","161.33","2016-08-25 22:42:26"),
(63,40,"hendrerit a, arcu.","debit","15.96","2018-10-09 05:03:37"),
(64,33,"consectetuer rhoncus. Nullam","credit","175.48","2018-06-03 07:00:37"),
(65,29,"vitae purus gravida","debit","146.83","2018-08-20 02:59:14"),
(66,20,"pede ac urna.","credit","169.00","2018-08-24 05:42:38"),
(67,7,"imperdiet non, vestibulum","debit","198.10","2018-07-13 17:23:19"),
(68,40,"eget, dictum placerat,","credit","42.13","2016-10-26 05:19:14"),
(69,6,"auctor, nunc nulla","debit","196.62","2018-08-19 18:01:44"),
(70,39,"neque et nunc.","debit","187.73","2016-06-15 04:05:27"),
(71,1,"Nunc ac sem","debit","13.55","2018-03-30 19:11:38"),
(72,30,"a neque. Nullam","debit","56.71","2018-08-19 19:44:14"),
(73,23,"egestas. Fusce aliquet","credit","198.21","2018-10-06 10:23:56"),
(74,36,"ligula. Donec luctus","debit","169.33","2016-11-17 01:38:56"),
(75,49,"a sollicitudin orci","debit","59.81","2018-07-27 09:06:58"),
(76,21,"tempor erat neque","credit","199.14","2018-07-05 04:27:44"),
(77,24,"Duis dignissim tempor","credit","131.58","2016-01-01 14:38:15"),
(78,50,"mi eleifend egestas.","debit","198.46","2018-05-23 20:07:18"),
(79,41,"suscipit, est ac","debit","20.32","2016-10-15 09:26:30"),
(80,3,"nec, malesuada ut,","debit","199.04","2018-04-15 04:22:25"),
(81,24,"Curabitur vel lectus.","debit","137.00","2018-07-01 00:32:04"),
(82,10,"et, euismod et,","credit","161.07","2018-05-02 13:24:47"),
(83,34,"amet massa. Quisque","credit","85.78","2018-07-22 22:02:20"),
(84,33,"fringilla purus mauris","debit","199.15","2020-01-21 18:11:17"),
(85,44,"tellus. Suspendisse sed","debit","151.69","2016-12-07 16:05:32"),
(86,31,"Quisque varius. Nam","debit","106.50","2018-10-03 03:50:34"),
(87,48,"Pellentesque ut ipsum","debit","71.74","2018-04-24 07:54:27"),
(88,5,"sapien. Nunc pulvinar","credit","28.49","2016-04-13 13:42:32"),
(89,30,"aliquet libero. Integer","debit","14.19","2018-07-25 10:19:08"),
(90,41,"Proin velit. Sed","debit","24.92","2018-10-03 20:19:51"),
(91,2,"nec, diam. Duis","credit","158.40","2018-03-12 09:51:17"),
(92,17,"mauris erat eget","credit","86.35","2016-06-23 00:52:42"),
(93,2,"a, auctor non,","debit","130.98","2018-09-04 17:38:29"),
(94,14,"Nunc quis arcu","credit","103.40","2016-06-18 09:38:54"),
(95,24,"ligula consectetuer rhoncus.","debit","24.90","2016-03-17 10:21:06"),
(96,20,"non enim. Mauris","credit","123.82","2018-11-05 01:34:56"),
(97,45,"ipsum nunc id","credit","55.53","2016-03-10 00:00:16"),
(98,16,"adipiscing elit. Etiam","credit","89.89","2016-07-15 17:57:58"),
(99,48,"Sed malesuada augue","debit","173.88","2016-10-19 12:15:58"),
(100,43,"Donec est mauris,","credit","191.46","2016-08-15 16:07:24"),
(101,22,"turpis egestas. Aliquam","credit","119.99","2018-12-25 15:03:13"),
(102,24,"commodo ipsum. Suspendisse","debit","147.57","2018-12-23 19:23:43"),
(103,24,"enim, sit amet","credit","31.92","2016-04-20 19:35:31"),
(104,4,"dui. Cum sociis","credit","93.21","2018-09-01 02:39:51"),
(105,11,"felis. Donec tempor,","debit","82.43","2018-04-08 20:35:40"),
(106,36,"felis orci, adipiscing","debit","66.76","2016-03-29 18:08:10"),
(107,6,"dolor dapibus gravida.","credit","180.56","2016-08-04 04:57:13"),
(108,10,"Sed eu eros.","credit","19.03","2016-04-29 06:39:44"),
(109,29,"dui quis accumsan","debit","12.03","2018-02-21 09:24:40"),
(110,12,"cubilia Curae; Phasellus","credit","165.74","2018-09-23 10:55:06"),
(111,50,"gravida sagittis. Duis","credit","96.94","2016-01-11 05:47:39"),
(112,6,"porta elit, a","credit","185.39","2016-06-14 21:13:59"),
(113,23,"Aliquam nec enim.","debit","116.37","2016-07-24 13:17:31"),
(114,33,"in, hendrerit consectetuer,","debit","117.02","2016-06-06 14:09:30"),
(115,14,"commodo tincidunt nibh.","credit","116.92","2018-09-10 17:50:44"),
(116,46,"pellentesque, tellus sem","debit","48.62","2016-09-13 11:19:11"),
(117,29,"orci. Donec nibh.","credit","144.11","2016-04-19 00:06:22"),
(118,5,"ante. Maecenas mi","credit","43.98","2018-06-28 09:59:59"),
(119,19,"vel nisl. Quisque","credit","190.85","2016-10-17 02:26:09"),
(120,48,"enim diam vel","credit","159.36","2016-10-19 06:26:46"),
(121,3,"ut erat. Sed","debit","66.46","2018-03-03 05:06:32"),
(122,39,"id, mollis nec,","credit","33.04","2016-05-29 15:18:02"),
(123,3,"quis massa. Mauris","credit","41.49","2016-04-24 21:14:07"),
(124,18,"accumsan interdum libero","debit","92.96","2016-11-11 13:29:04"),
(125,15,"mus. Proin vel","credit","179.19","2016-11-18 08:26:59"),
(126,5,"mauris a nunc.","debit","29.20","2016-10-11 19:10:02"),
(127,7,"mauris erat eget","debit","188.31","2016-11-03 20:27:32"),
(128,8,"Duis sit amet","debit","148.71","2018-12-13 15:22:31"),
(129,47,"at, velit. Cras","debit","93.90","2016-06-05 02:11:15"),
(130,41,"ipsum. Suspendisse non","debit","96.73","2018-12-15 20:26:55"),
(131,43,"mattis. Cras eget","debit","141.44","2018-06-11 09:52:19"),
(132,22,"ut ipsum ac","credit","111.25","2016-11-09 15:33:34"),
(133,9,"nonummy ut, molestie","debit","160.54","2016-07-11 02:01:29"),
(134,3,"tempus eu, ligula.","credit","113.20","2018-02-07 00:24:01"),
(135,37,"Vestibulum accumsan neque","credit","198.92","2018-02-22 14:05:04"),
(136,23,"vitae mauris sit","credit","198.70","2016-07-27 08:55:20"),
(137,24,"pharetra nibh. Aliquam","debit","196.39","2018-08-21 03:11:00"),
(138,45,"accumsan convallis, ante","debit","85.54","2016-12-05 04:13:24"),
(139,19,"nibh lacinia orci,","debit","177.76","2018-02-12 22:01:55"),
(140,28,"in molestie tortor","credit","14.63","2016-08-14 09:32:10"),
(141,40,"Cras eu tellus","debit","67.52","2016-12-27 23:27:02"),
(142,28,"interdum enim non","credit","65.59","2016-09-23 23:26:42"),
(143,41,"Phasellus libero mauris,","credit","84.13","2018-12-19 22:09:24"),
(144,11,"ut aliquam iaculis,","debit","147.96","2018-10-06 10:51:52"),
(145,22,"adipiscing elit. Curabitur","debit","48.89","2018-10-20 02:18:46"),
(146,44,"urna convallis erat,","debit","119.85","2018-02-20 16:40:51"),
(147,4,"tincidunt dui augue","debit","66.46","2018-02-28 10:53:19"),
(148,12,"odio semper cursus.","credit","69.29","2018-08-25 03:38:29"),
(149,49,"Quisque ornare tortor","credit","186.19","2016-10-08 11:46:24"),
(150,21,"imperdiet dictum magna.","debit","173.30","2018-06-15 18:15:57"),
(151,9,"sodales nisi magna","credit","87.33","2018-07-31 00:27:00"),
(152,12,"cubilia Curae; Phasellus","debit","121.76","2016-02-28 00:20:19"),
(153,2,"Duis volutpat nunc","credit","108.48","2018-04-29 08:05:41"),
(154,34,"consectetuer euismod est","debit","128.58","2018-12-18 20:58:28"),
(155,32,"consequat nec, mollis","debit","156.19","2016-06-14 03:03:02"),
(156,49,"Quisque porttitor eros","debit","192.23","2018-09-03 04:05:04"),
(157,45,"nonummy ut, molestie","credit","189.89","2016-10-06 18:12:20"),
(158,16,"libero. Integer in","credit","41.96","2016-06-19 02:13:54"),
(159,38,"tempor lorem, eget","debit","10.62","2018-05-03 17:18:20"),
(160,4,"Nunc sollicitudin commodo","credit","87.01","2016-01-15 04:46:29"),
(161,10,"neque vitae semper","credit","97.66","2016-05-26 18:47:49"),
(162,40,"sem eget massa.","debit","147.55","2016-07-21 15:27:55"),
(163,32,"enim. Nunc ut","credit","22.29","2018-03-25 05:05:19"),
(164,44,"diam nunc, ullamcorper","debit","112.36","2016-12-09 21:43:21"),
(165,29,"egestas a, scelerisque","debit","14.41","2018-02-07 16:59:10"),
(166,41,"luctus. Curabitur egestas","debit","155.66","2016-05-30 03:14:37"),
(167,29,"mollis lectus pede","debit","182.67","2016-03-07 11:49:44"),
(168,19,"nonummy ac, feugiat","debit","66.87","2016-07-10 21:26:41"),
(169,29,"nisi a odio","credit","11.31","2016-02-20 13:33:09"),
(170,10,"ante lectus convallis","credit","122.64","2018-05-21 09:51:32"),
(171,40,"nec mauris blandit","debit","165.18","2016-07-19 17:30:23"),
(172,38,"vehicula et, rutrum","credit","54.58","2016-06-07 08:14:43"),
(173,20,"neque et nunc.","debit","163.97","2016-12-10 12:44:23"),
(174,12,"Phasellus nulla. Integer","credit","103.81","2016-07-13 17:42:45"),
(175,23,"sapien. Aenean massa.","debit","188.43","2016-10-26 21:58:31"),
(176,23,"ac, eleifend vitae,","debit","42.59","2018-07-22 17:30:37"),
(177,15,"nisi a odio","credit","73.40","2018-06-26 08:07:35"),
(178,47,"at, velit. Cras","credit","94.08","2016-09-07 20:13:34"),
(179,2,"vitae purus gravida","debit","141.19","2016-05-18 00:22:58"),
(180,10,"vel, mauris. Integer","credit","115.67","2018-04-13 15:36:54"),
(181,42,"ut nisi a","credit","118.30","2016-10-15 19:10:05"),
(182,9,"libero. Morbi accumsan","credit","159.77","2016-11-01 16:14:34"),
(183,9,"non massa non","debit","121.86","2016-01-25 01:34:55"),
(184,9,"rutrum non, hendrerit","debit","20.08","2016-11-20 09:25:24"),
(185,9,"sit amet diam","debit","141.38","2016-01-11 17:27:19"),
(186,44,"eu erat semper","debit","20.38","2020-01-12 01:05:01"),
(187,41,"facilisis. Suspendisse commodo","debit","53.59","2018-11-10 10:57:16"),
(188,23,"ornare, elit elit","credit","133.70","2016-07-14 06:45:34"),
(189,28,"velit eget laoreet","debit","56.92","2016-07-08 10:02:55"),
(190,24,"Quisque nonummy ipsum","credit","141.89","2018-12-19 11:08:00"),
(191,3,"ut eros non","credit","28.86","2016-09-22 04:46:50"),
(192,12,"commodo auctor velit.","debit","43.32","2018-10-29 12:58:38"),
(193,44,"magna, malesuada vel,","credit","34.66","2018-03-24 01:52:13"),
(194,23,"mauris. Suspendisse aliquet","debit","12.01","2018-12-08 05:51:27"),
(195,32,"aliquet molestie tellus.","credit","153.85","2018-09-28 23:39:53"),
(196,43,"faucibus orci luctus","credit","140.28","2016-09-28 15:52:59"),
(197,4,"tincidunt dui augue","credit","147.48","2016-12-26 16:44:10"),
(198,36,"sed leo. Cras","credit","26.79","2018-12-07 03:44:20"),
(199,47,"eros nec tellus.","debit","110.32","2018-07-09 13:59:29"),
(200,46,"lectus convallis est,","credit","34.20","2018-02-21 18:31:43"),
(201,48,"ligula tortor, dictum","credit","117.55","2018-07-06 11:20:06"),
(202,11,"mi. Aliquam gravida","credit","60.02","2018-05-24 15:08:08"),
(203,49,"euismod et, commodo","debit","34.39","2020-01-11 10:40:13"),
(204,35,"Quisque ornare tortor","credit","134.93","2018-11-20 05:39:31"),
(205,17,"rutrum non, hendrerit","debit","68.13","2018-05-17 14:58:59"),
(206,30,"enim. Mauris quis","debit","179.70","2018-07-23 14:33:21"),
(207,30,"Quisque tincidunt pede","debit","174.71","2016-11-03 21:48:36"),
(208,8,"facilisis non, bibendum","debit","84.82","2018-05-23 17:32:40"),
(209,23,"consequat dolor vitae","credit","159.72","2016-12-03 22:18:34"),
(210,41,"ut dolor dapibus","credit","123.67","2018-09-28 19:03:38"),
(211,45,"non, hendrerit id,","credit","186.66","2016-06-16 18:07:13"),
(212,22,"erat eget ipsum.","debit","39.03","2018-07-09 07:11:16"),
(213,14,"mus. Proin vel","debit","46.91","2016-02-26 17:45:50"),
(214,21,"in sodales elit","debit","31.07","2020-01-15 04:50:12"),
(215,18,"augue malesuada malesuada.","debit","191.52","2018-02-26 17:58:47"),
(216,17,"Vivamus non lorem","debit","171.97","2020-01-06 05:31:30"),
(217,9,"pede, malesuada vel,","debit","60.26","2016-01-16 18:00:20"),
(218,48,"cubilia Curae; Donec","debit","25.79","2016-09-30 23:28:48"),
(219,7,"eleifend, nunc risus","debit","100.32","2018-07-09 03:23:22"),
(220,35,"hendrerit a, arcu.","credit","48.28","2018-11-26 12:37:21"),
(221,9,"purus, in molestie","credit","50.26","2016-06-02 21:19:59"),
(222,34,"dui. Fusce aliquam,","credit","101.52","2018-04-16 17:48:59"),
(223,14,"libero est, congue","debit","55.11","2016-03-19 17:08:30"),
(224,28,"porttitor vulputate, posuere","credit","82.52","2016-11-08 12:36:42"),
(225,8,"et ultrices posuere","credit","74.42","2016-03-13 12:31:23"),
(226,25,"sit amet massa.","debit","41.27","2018-08-18 15:26:24"),
(227,38,"ac orci. Ut","debit","117.32","2018-07-04 12:36:51"),
(228,43,"in molestie tortor","credit","123.51","2016-02-18 11:53:55"),
(229,49,"et arcu imperdiet","debit","123.17","2018-09-09 18:54:10"),
(230,49,"Suspendisse non leo.","credit","195.19","2018-02-07 18:31:00"),
(231,21,"massa. Integer vitae","debit","192.81","2018-02-18 23:05:19"),
(232,39,"lorem eu metus.","credit","45.36","2016-11-27 17:09:50"),
(233,2,"a, enim. Suspendisse","debit","194.89","2018-04-16 08:47:32"),
(234,3,"Mauris non dui","debit","137.17","2018-10-31 11:52:40"),
(235,35,"quam. Curabitur vel","credit","177.58","2018-10-05 00:28:23"),
(236,6,"magna. Sed eu","credit","89.37","2016-06-21 20:41:02"),
(237,27,"magna tellus faucibus","credit","101.69","2018-04-06 12:33:40"),
(238,29,"quam quis diam.","debit","14.21","2018-04-24 16:58:50"),
(239,37,"tortor at risus.","credit","61.27","2016-08-10 09:26:01"),
(240,9,"felis ullamcorper viverra.","debit","180.46","2018-03-22 04:30:00"),
(241,42,"malesuada augue ut","credit","74.24","2018-08-01 00:36:30"),
(242,5,"Morbi metus. Vivamus","debit","35.83","2016-12-03 04:22:24"),
(243,16,"quis lectus. Nullam","credit","78.68","2016-07-05 05:11:26"),
(244,15,"pede sagittis augue,","credit","80.98","2016-12-25 03:02:41"),
(245,8,"risus. Quisque libero","credit","26.94","2016-05-11 05:08:39"),
(246,10,"tincidunt dui augue","credit","14.08","2018-08-30 07:23:25"),
(247,48,"urna, nec luctus","debit","130.50","2018-09-22 16:36:29"),
(248,34,"risus odio, auctor","credit","159.99","2020-01-21 07:18:28"),
(249,26,"eu tempor erat","debit","58.17","2016-12-17 01:21:46"),
(250,24,"Mauris molestie pharetra","credit","129.66","2016-10-15 18:42:21"),
(251,18,"volutpat ornare, facilisis","credit","85.02","2016-09-18 18:34:49"),
(252,6,"ornare egestas ligula.","credit","178.28","2016-03-19 02:44:36"),
(253,24,"aliquet molestie tellus.","debit","21.99","2016-02-13 03:40:37"),
(254,9,"nonummy ipsum non","credit","79.83","2016-09-21 23:10:10"),
(255,25,"Quisque varius. Nam","credit","193.89","2018-08-26 10:02:24"),
(256,46,"tellus, imperdiet non,","debit","185.80","2018-03-22 12:13:42"),
(257,8,"pede sagittis augue,","debit","13.36","2018-10-12 10:50:33"),
(258,32,"Donec fringilla. Donec","credit","54.47","2016-06-25 12:53:17"),
(259,24,"elementum, lorem ut","credit","98.71","2018-07-01 08:43:58"),
(260,6,"Nullam ut nisi","debit","52.38","2016-11-21 14:41:10"),
(261,11,"In tincidunt congue","credit","40.57","2018-10-28 20:20:37"),
(262,8,"sed dictum eleifend,","debit","107.81","2018-07-10 09:11:31"),
(263,14,"vitae, aliquet nec,","debit","120.96","2018-12-21 15:06:30"),
(264,14,"rhoncus. Nullam velit","debit","54.35","2016-12-27 02:01:58"),
(265,21,"non, egestas a,","credit","59.78","2018-02-27 03:08:47"),
(266,16,"netus et malesuada","credit","125.58","2018-07-01 01:35:23"),
(267,22,"tristique senectus et","credit","131.74","2016-04-21 15:45:07"),
(268,47,"dui augue eu","debit","86.57","2016-02-13 19:09:11"),
(269,41,"nascetur ridiculus mus.","credit","60.03","2018-03-31 11:10:15"),
(270,28,"dui nec urna","credit","106.91","2018-09-19 08:30:36"),
(271,44,"Proin velit. Sed","credit","30.23","2016-01-31 22:09:01"),
(272,24,"Duis elementum, dui","credit","96.37","2018-03-27 22:35:27"),
(273,35,"metus. Vivamus euismod","credit","138.05","2016-10-22 04:41:39"),
(274,19,"montes, nascetur ridiculus","debit","170.05","2016-06-06 06:48:19"),
(275,30,"quis turpis vitae","debit","46.86","2016-08-14 03:42:19"),
(276,1,"nibh. Phasellus nulla.","credit","110.21","2016-04-27 23:49:25"),
(277,3,"facilisis. Suspendisse commodo","debit","82.76","2018-03-18 12:20:07"),
(278,12,"at arcu. Vestibulum","credit","83.38","2018-12-13 08:11:32"),
(279,37,"diam nunc, ullamcorper","debit","68.53","2018-10-22 00:17:37"),
(280,10,"tempor lorem, eget","credit","112.94","2016-09-07 15:41:15"),
(281,2,"Donec nibh enim,","debit","177.39","2016-03-16 05:26:11"),
(282,18,"Aliquam vulputate ullamcorper","credit","40.97","2016-04-28 15:16:48"),
(283,19,"libero. Proin mi.","credit","99.07","2016-11-10 01:55:56"),
(284,29,"Nunc ullamcorper, velit","credit","52.81","2018-11-02 07:11:43"),
(285,36,"ipsum. Suspendisse non","credit","131.23","2016-01-19 15:01:19"),
(286,32,"enim. Etiam gravida","debit","41.01","2016-11-01 12:40:08"),
(287,10,"Fusce dolor quam,","credit","40.32","2018-12-27 08:43:24"),
(288,24,"Curabitur sed tortor.","credit","151.34","2016-12-08 12:38:58"),
(289,7,"Nunc ac sem","debit","106.19","2016-04-16 19:27:08"),
(290,21,"massa lobortis ultrices.","credit","100.98","2016-10-06 18:11:25"),
(291,9,"dapibus quam quis","debit","107.04","2018-03-06 11:11:54"),
(292,6,"ante lectus convallis","credit","168.64","2018-12-07 16:43:01"),
(293,38,"vulputate, nisi sem","credit","21.73","2016-08-02 19:40:07"),
(294,24,"cubilia Curae; Donec","debit","179.36","2016-03-26 13:33:30"),
(295,36,"elit. Aliquam auctor,","credit","157.09","2018-06-14 06:01:02"),
(296,44,"velit eget laoreet","debit","145.79","2016-03-04 00:35:17"),
(297,3,"sed consequat auctor,","credit","93.85","2018-11-10 08:34:22"),
(298,31,"Duis at lacus.","credit","44.67","2016-03-24 04:17:16"),
(299,20,"mollis vitae, posuere","credit","104.78","2016-11-26 13:04:21"),
(300,25,"at, nisi. Cum","credit","69.68","2016-03-13 03:53:31"),
(301,21,"a, dui. Cras","debit","148.71","2016-09-18 09:22:03"),
(302,23,"sed turpis nec","credit","69.68","2016-12-26 21:43:36"),
(303,15,"Donec tincidunt. Donec","credit","36.76","2018-03-20 17:51:53"),
(304,15,"luctus et ultrices","credit","53.52","2018-10-10 23:35:52"),
(305,22,"nascetur ridiculus mus.","debit","98.87","2018-11-20 22:17:30"),
(306,36,"in sodales elit","credit","61.60","2018-08-07 03:44:47"),
(307,14,"molestie orci tincidunt","debit","43.04","2016-05-25 18:14:55"),
(308,18,"ante, iaculis nec,","debit","49.73","2018-10-20 14:25:35"),
(309,16,"volutpat. Nulla dignissim.","debit","109.25","2018-05-02 09:47:14"),
(310,3,"risus. Donec egestas.","credit","171.15","2018-07-17 17:42:04"),
(311,3,"ullamcorper. Duis cursus,","debit","198.33","2016-01-26 19:46:43"),
(312,23,"Nunc ut erat.","credit","30.48","2018-05-12 15:46:16"),
(313,9,"neque. Morbi quis","debit","164.12","2016-03-07 22:59:48"),
(314,7,"Ut tincidunt vehicula","debit","64.34","2016-01-26 22:17:59"),
(315,18,"Cras vulputate velit","debit","118.57","2018-04-11 05:14:30"),
(316,7,"quis massa. Mauris","debit","99.42","2016-08-13 11:28:43"),
(317,10,"imperdiet, erat nonummy","credit","92.11","2018-04-16 09:31:53"),
(318,16,"orci luctus et","debit","186.11","2016-04-26 10:49:59"),
(319,12,"fringilla, porttitor vulputate,","debit","63.86","2018-05-12 07:30:29"),
(320,4,"varius orci, in","debit","95.74","2018-06-13 05:07:05"),
(321,14,"consequat, lectus sit","credit","168.28","2018-02-17 04:46:40"),
(322,24,"dolor, tempus non,","credit","10.18","2018-03-08 10:01:33"),
(323,38,"felis ullamcorper viverra.","debit","163.76","2016-05-18 21:06:42"),
(324,18,"blandit. Nam nulla","credit","180.97","2016-05-17 19:52:38"),
(325,25,"non arcu. Vivamus","debit","166.38","2020-01-23 08:42:40"),
(326,20,"eu, eleifend nec,","credit","102.83","2020-01-19 14:16:22"),
(327,7,"commodo auctor velit.","credit","61.41","2018-12-22 03:14:01"),
(328,17,"turpis non enim.","credit","69.41","2018-05-15 06:02:59"),
(329,40,"lacus. Mauris non","credit","123.04","2018-11-01 00:21:25"),
(330,23,"auctor quis, tristique","debit","163.05","2018-02-09 11:44:20"),
(331,6,"diam. Sed diam","debit","76.78","2016-07-01 14:33:05"),
(332,22,"nulla magna, malesuada","debit","124.54","2018-06-07 23:22:53"),
(333,43,"Cras dictum ultricies","credit","55.76","2016-06-03 00:13:41"),
(334,25,"risus. In mi","credit","27.75","2016-02-22 03:12:23"),
(335,5,"eu, ligula. Aenean","credit","94.28","2016-07-12 16:16:32"),
(336,43,"vulputate, risus a","debit","104.93","2018-12-19 23:04:35"),
(337,9,"Aenean massa. Integer","credit","198.51","2016-12-15 16:58:11"),
(338,4,"dapibus rutrum, justo.","debit","195.83","2018-10-06 13:45:58"),
(339,7,"cursus et, eros.","credit","159.00","2018-04-27 01:15:25"),
(340,8,"risus. Donec egestas.","debit","45.62","2018-07-01 05:44:02"),
(341,10,"nulla vulputate dui,","credit","45.58","2016-11-14 11:11:23"),
(342,11,"magna. Suspendisse tristique","debit","90.85","2016-04-07 01:47:40"),
(343,26,"convallis in, cursus","debit","23.67","2018-04-09 13:55:54"),
(344,3,"pretium neque. Morbi","debit","182.29","2016-11-26 14:09:08"),
(345,47,"ligula. Aenean gravida","debit","37.67","2016-08-18 01:41:48"),
(346,9,"eu lacus. Quisque","debit","38.18","2018-11-08 17:17:58"),
(347,18,"pharetra. Nam ac","debit","41.97","2016-11-28 08:07:46"),
(348,23,"ut, pharetra sed,","debit","143.89","2018-05-19 06:33:55"),
(349,15,"Quisque purus sapien,","debit","88.29","2016-09-16 15:18:14"),
(350,49,"dui augue eu","credit","24.64","2018-08-22 16:16:03"),
(351,44,"mi enim, condimentum","debit","107.99","2018-04-04 16:10:23"),
(352,47,"nonummy ut, molestie","debit","81.18","2016-05-17 23:15:17"),
(353,26,"ipsum cursus vestibulum.","debit","178.20","2016-04-27 21:15:17"),
(354,30,"nascetur ridiculus mus.","credit","151.41","2016-11-13 02:09:55"),
(355,31,"a, scelerisque sed,","debit","153.32","2018-02-19 13:47:51"),
(356,48,"diam vel arcu.","credit","183.59","2018-07-24 00:23:39"),
(357,42,"Donec dignissim magna","debit","44.96","2018-06-10 06:47:42"),
(358,20,"nostra, per inceptos","debit","93.29","2020-01-07 06:41:08"),
(359,27,"Proin mi. Aliquam","debit","135.82","2018-08-31 20:28:40"),
(360,23,"est. Nunc laoreet","debit","131.39","2016-08-27 01:17:50"),
(361,25,"nec enim. Nunc","debit","147.51","2016-09-14 00:06:18"),
(362,4,"odio. Etiam ligula","credit","66.41","2018-12-04 04:22:51"),
(363,46,"lectus quis massa.","debit","10.73","2018-08-12 19:17:02"),
(364,36,"nulla magna, malesuada","debit","22.92","2018-12-04 09:35:12"),
(365,5,"quis lectus. Nullam","credit","129.65","2018-03-28 17:04:14"),
(366,37,"Mauris ut quam","debit","24.23","2018-04-30 00:36:33"),
(367,27,"risus. In mi","credit","155.72","2018-11-04 17:02:42"),
(368,28,"Vivamus sit amet","credit","179.77","2020-01-09 05:18:45"),
(369,28,"Suspendisse commodo tincidunt","debit","194.24","2016-07-24 00:32:01"),
(370,11,"dolor vitae dolor.","debit","68.63","2016-04-20 16:46:33"),
(371,16,"ornare, facilisis eget,","credit","125.07","2018-12-25 16:04:53"),
(372,7,"pede. Suspendisse dui.","credit","86.39","2018-09-07 07:35:02"),
(373,31,"elementum, dui quis","debit","135.82","2016-10-21 10:00:12"),
(374,36,"Aliquam erat volutpat.","credit","43.00","2016-06-28 05:47:37"),
(375,23,"vitae, posuere at,","debit","76.66","2016-06-23 20:34:11"),
(376,1,"blandit mattis. Cras","credit","107.08","2018-04-14 12:17:48"),
(377,17,"volutpat. Nulla dignissim.","credit","70.95","2016-04-10 03:33:12"),
(378,9,"ligula. Aliquam erat","credit","62.90","2016-11-17 18:22:28"),
(379,20,"quis urna. Nunc","debit","175.36","2018-11-04 01:48:05"),
(380,42,"a, magna. Lorem","debit","77.64","2016-08-22 18:08:48"),
(381,40,"Mauris ut quam","debit","54.80","2016-11-11 03:44:01"),
(382,41,"Nullam nisl. Maecenas","debit","189.49","2016-09-21 14:47:30"),
(383,33,"ligula. Nullam feugiat","credit","185.25","2020-01-14 15:28:42"),
(384,34,"Donec porttitor tellus","debit","49.40","2016-03-23 17:20:54"),
(385,18,"pede. Nunc sed","credit","146.61","2016-05-01 00:56:04"),
(386,50,"magna a tortor.","debit","196.37","2016-12-10 08:32:05"),
(387,16,"scelerisque sed, sapien.","credit","71.23","2016-11-27 09:28:11"),
(388,36,"Aliquam erat volutpat.","debit","111.66","2016-08-06 05:58:05"),
(389,10,"lacinia at, iaculis","debit","149.74","2016-10-07 15:56:26"),
(390,39,"posuere cubilia Curae;","debit","11.42","2016-02-24 23:31:11"),
(391,41,"Donec non justo.","credit","17.61","2016-12-31 09:22:52"),
(392,27,"erat vel pede","credit","106.36","2016-09-29 03:33:59"),
(393,48,"ornare egestas ligula.","debit","30.34","2018-09-02 16:36:18"),
(394,40,"augue. Sed molestie.","credit","167.20","2016-05-30 03:14:43"),
(395,35,"feugiat. Lorem ipsum","credit","51.80","2020-01-24 14:35:56"),
(396,14,"penatibus et magnis","debit","26.71","2016-08-09 08:23:37"),
(397,34,"Nullam enim. Sed","debit","157.12","2018-04-26 19:52:31"),
(398,5,"ultrices, mauris ipsum","debit","189.82","2018-11-27 04:30:20"),
(399,20,"ut quam vel","credit","126.07","2018-09-01 19:41:05"),
(400,29,"rhoncus. Nullam velit","debit","44.13","2018-08-06 03:29:39");